ae,solo,solo,R
ae,mismo,mismo,R
ae,libre,libre,R
aguara,orgulloso,orgulloso,R
aguara,vanidoso,vanidoso,R
ahẽ,malo,malo,R
ahẽ,perverso,perverso,R
aipo,ese,ese,R
aipo,desconocido,desconocido,R
aisy,gelatinoso,gelatinoso,R
aisy,resinoso,resinoso,R
aju,maduro,maduro,R
akatúa,derecho,derecho,R
akatúa,diestro,diestro,R
ako,aquél,aquél,R
akua,agudo,agudo,R
akua,puntiagudo,puntiagudo,R
akuruchĩ,acurrucado,acurrucado,R
akuruchĩ,tullido,tullido,R
akuã,veloz,veloz,R
akuã,ligero,ligero,R
akuã,corredor,corredor,R
aky,verde,verde,R
aky,tierno,tierno,R
akãguapy,sereno,sereno,R
akãguapy,moderado,moderado,R
akãguapy,cuerdo,cuerdo,R
akãguapy,prudente,prudente,R
akãguapy,sensato,sensato,R
akãguasu,juicioso,juicioso,R
akãguasu,inteligente,inteligente,R
akãguasu,cabezón,cabezón,R
akãhatã,travieso,travieso,R
akãhatã,cabezudo,cabezudo,R
akãhatã,terco,terco,R
akãhatã,tozudo,tozudo,R
akãhatã,pertinaz,pertinaz,R
akãhatã,revoltoso,revoltoso,R
akãkuchu,atolondrado,atolondrado,R
akãkuchu,tonto,tonto,R
akãnga'u,mareado,mareado,R
akãnundu,febril,febril,R
akãperõ,calvo,calvo,R
akãperõ,pelado,pelado,R
akãperõ,rapado,rapado,R
akãpicha'ĩ,crespo,crespo,R
akãporã,talentoso,talentoso,R
akãporã,inteligente,inteligente,R
akãpyta,prudente,prudente,R
akãpyta,sereno,sereno,R
akãpytã,pelirrojo,pelirrojo,R
akãraku,entusiasmado,entusiasmado,R
akãraku,enamorado,enamorado,R
akãraku,febril,febril,R
akãraku,apasionado,apasionado,R
akãvichãi,despeinado,despeinado,R
akỹ,mojado,mojado,R
akỹ,húmedo,húmedo,R
amandy,lluvioso,lluvioso,R
ambue,otro,otro,R
ambue,diverso,diverso,R
ambue,distinto,distinto,R
ambue,diferente,diferente,R
ambu'a,puntilloso,puntilloso,R
ambu'a,retraído,retraído,R
amo,aquél,aquél,R
amo,aquéllos,aquéllos,R
amyrỹigua,postumo,postumo,R
anambusu,grueso,grueso,R
anga,pobre,pobre,R
anga,pobrecito,pobrecito,R
anga,adoptivo,adoptivo,R
anga,espiritual,espiritual,R
angajuráva,cautivador,cautivador,R
angajuráva,atractivo,atractivo,R
angapyhy,satisfecho,satisfecho,R
ange,anterior,anterior,R
angekói,molesto,molesto,R
angekói,fastidioso,fastidioso,R
angetegua,reciente,reciente,R
apa,tullido,tullido,R
apa,paralítico,paralítico,R
apa,yerto,yerto,R
apakuapyre,enrollado,enrollado,R
apakuapyre,envuelto,envuelto,R
apatĩ,blanquecino,blanquecino,R
apatĩ,descolorido,descolorido,R
apatĩ,ceniciento,ceniciento,R
apatĩ,agrisado,agrisado,R
apegua,local,local,R
apegua,lugareño,lugareño,R
apeju,pintón,pintón,R
apeju,semimaduro,semimaduro,R
apesỹi,liso,liso,R
apesỹi,delicado,delicado,R
apesỹi,parejo,parejo,R
apesỹi,quisquilloso,quisquilloso,R
apicha'ĩ,arrugado,arrugado,R
apicha'ĩ,fruncido,fruncido,R
apicha'ĩ,encrespado,encrespado,R
apokytã,nudoso,nudoso,R
apopapy,terminado,terminado,R
apoporã'ỹ,imperfecto,imperfecto,R
apopy,labrado,labrado,R
apopyre,realizado,realizado,R
apopyre,fabricado,fabricado,R
apopẽ,enrulado,enrulado,R
apopẽ,ondulado,ondulado,R
apopẽ,encrespado,encrespado,R
apopẽ,ensortijado,ensortijado,R
apopẽ,rizado,rizado,R
apopẽ,crespo,crespo,R
apovõ,pegajoso,pegajoso,R
apovõ,gomoso,gomoso,R
apovõ,viscoso,viscoso,R
apu'a,redondo,redondo,R
apu'a,circular,circular,R
apu'a,esférico,esférico,R
apyrapegua,limítrofe,limítrofe,R
apyra'ỹ,infinito,infinito,R
apyra'ỹ,eterno,eterno,R
apyra'ỹ,ilimitado,ilimitado,R
apyra'ỹ,interminable,interminable,R
apyre'ỹ,perpetuo,perpetuo,R
apysatũ,sordo,sordo,R
apytere,central,central,R
apytere,medular,medular,R
apytĩmbyre,atado,atado,R
apytĩmbyre,empaquetado,empaquetado,R
apytĩmbyre,envuelto,envuelto,R
apytĩmbyre,ligado,ligado,R
apyve'ỹ,ilimitado,ilimitado,R
apĩ,pelado,pelado,R
apĩ,lampiño,lampiño,R
apĩ,gastado,gastado,R
apĩ,mocho,mocho,R
apĩ,amputado,amputado,R
arakuegua,diurno,diurno,R
arandu,inteligente,inteligente,R
arandu,sabio,sabio,R
arandu,genial,genial,R
arandu,ilustre,ilustre,R
arandu,sesudo,sesudo,R
arandu,perspicaz,perspicaz,R
arandu,sagaz,sagaz,R
arandu,docto,docto,R
arandu,letrado,letrado,R
arandu'ỹ,obtuso,obtuso,R
arandu'ỹ,ignorante,ignorante,R
are,lento,lento,R
are,tardío,tardío,R
aruru,hinchado,hinchado,R
aruru,inflado,inflado,R
asu,izquierdo,izquierdo,R
asu,zurdo,zurdo,R
asu,siniestro,siniestro,R
asugua,izquierdo,izquierdo,R
asy,intenso,intenso,R
asy,triste,triste,R
asãi,esparcido,esparcido,R
asãi,tendido,tendido,R
asãi,extendido,extendido,R
asãi,desparramado,desparramado,R
asãi,vulgar,vulgar,R
ate'ỹ,perezoso,perezoso,R
ate'ỹ,haragán,haragán,R
ate'ỹ,zángano,zángano,R
ate'ỹ,remolón,remolón,R
ate'ỹ,holgazán,holgazán,R
ate'ỹ,tardo,tardo,R
atuape,jorobado,jorobado,R
aturu,acurrucado,acurrucado,R
aturu,cabizbajo,cabizbajo,R
aturu,triste,triste,R
aturu,apesadumbrado,apesadumbrado,R
atã,duro,duro,R
atã'ỹ,débil,débil,R
atã'ỹ,flácido,flácido,R
atĩva,canoso,canoso,R
aña,malo,malo,R
aña,ruin,ruin,R
aña,malvado,malvado,R
aña,malicioso,malicioso,R
aña,tenebroso,tenebroso,R
aña,malévolo,malévolo,R
añareko,diabólico,diabólico,R
añaretãmegua,infernal,infernal,R
añete,verdadero,verdadero,R
añete,real,real,R
añete,cierto,cierto,R
añetegua,verdadero,verdadero,R
añetegua,auténtico,auténtico,R
añetegua,verídico,verídico,R
añetegua,genuino,genuino,R
añetegua,real,real,R
añetegua,legítimo,legítimo,R
añetegua'ỹ,falso,falso,R
añetegua'ỹ,apócrifo,apócrifo,R
añetegua'ỹ,postizo,postizo,R
añeteguáicha,verosímil,verosímil,R
añetejekuatiapyre,notarial,notarial,R
añetete,verdadero,verdadero,R
añetete,obvio,obvio,R
añete'eha,veraz,veraz,R
añete'ỹ,seudo,seudo,R
añete'ỹ,falso,falso,R
año,solo,solo,R
año,único,único,R
año,simple,simple,R
añoite,unico,unico,R
añoite,solitario,solitario,R
chae,imperfecto,imperfecto,R
chae,primitivo,primitivo,R
chae,rudimentario,rudimentario,R
chae,empírico,empírico,R
chalái,rotoso,rotoso,R
chalái,andrajoso,andrajoso,R
chalái,feo,feo,R
chara,despeinado,despeinado,R
chara,tosco,tosco,R
chara,lanudo,lanudo,R
charara,ruidoso,ruidoso,R
chavi,arruinado,arruinado,R
chavi,infeliz,infeliz,R
chavi,ralo,ralo,R
chavi,ruin,ruin,R
chavi,baladí,baladí,R
chavi,enclenque,enclenque,R
chavi,raquítico,raquítico,R
cha'ĩ,arrugado,arrugado,R
cha'ĩ,encrespado,encrespado,R
cha'ĩ,encogido,encogido,R
cha'ĩ,fruncido,fruncido,R
cha'ĩ,feo,feo,R
cha'ĩ,malo,malo,R
cha'ĩ,precario,precario,R
che,mi,mi,R
chigua,convexo,convexo,R
chivi,ralo,ralo,R
chi'i,estrecho,estrecho,R
chi'i,reducido,reducido,R
chi'õ,llorón,llorón,R
chororĩ,crespo,crespo,R
chororĩ,ensortijado,ensortijado,R
chovi,lleno,lleno,R
chovi,repleto,repleto,R
chovi,convexo,convexo,R
chovy,azul,azul,R
chure,embustero,embustero,R
churi,vagabundo,vagabundo,R
churi,abandonado,abandonado,R
chu'i,chico,chico,R
chu'i,pequeño,pequeño,R
chu'i,menudo,menudo,R
chu'i,arruinado,arruinado,R
chu'i,inservible,inservible,R
chyryry,frito,frito,R
eha,llamado,llamado,R
emba'ekuaáva,ilustrado,ilustrado,R
emba'ekuaáva,conocedor,conocedor,R
emba'ekuaáva,sabio,sabio,R
emba'embyasy,triste,triste,R
emba'embyasy,afligido,afligido,R
emba'embyasy,s,s,R
erádo,grande,grande,R
erádo,enorme,enorme,R
fifi,elegante,elegante,R
guaiguĩ,anciana,anciana,R
guaiguĩ,vieja,vieja,R
guajaki,aché,aché,R
guapy,sentado,sentado,R
guasu,grande,grande,R
guasu,vasto,vasto,R
guasuve,mayor,mayor,R
gua'u,fingido,fingido,R
gua'u,simulado,simulado,R
gua'u,inventado,inventado,R
gua'u,seudo,seudo,R
guerovia'ỹ,increíble,increíble,R
guevi,rabón,rabón,R
gue'ỹva,imborrable,imborrable,R
haguepa,peludo,peludo,R
haguepa,velludo,velludo,R
hague'ỹva,pelado,pelado,R
hague'ỹva,implume,implume,R
haimbe,filoso,filoso,R
haimbe,afilado,afilado,R
haimbe'ỹ,obtuso,obtuso,R
haimbe'ỹ,desafilado,desafilado,R
hainga,mellado,mellado,R
hainga,embotado,embotado,R
hainga,romo,romo,R
hainga,desafilado,desafilado,R
hajygue,nervudo,nervudo,R
hajygue,nervioso,nervioso,R
harypyre,corrupto,corrupto,R
harúva,maléfico,maléfico,R
harúva,dañino,dañino,R
havara,aspero,aspero,R
havara,tosco,tosco,R
havara,rústico,rústico,R
havara,rudo,rudo,R
ha'etegua,oportuno,oportuno,R
ha'etéva,puntual,puntual,R
ha'etéva,legítimo,legítimo,R
ha'eve,inteligente,inteligente,R
ha'eve,ligero,ligero,R
ha'eve,valiente,valiente,R
ha'eve,guapo,guapo,R
ha'eve,activo,activo,R
ha'eve,idóneo,idóneo,R
ha'eve,hábil,hábil,R
ha'eve,capaz,capaz,R
ha'eve,ducho,ducho,R
ha'eve,vivo,vivo,R
ha'eve,pillo,pillo,R
ha'eve'ỹ,incapaz,incapaz,R
ha'eve'ỹ,torpe,torpe,R
ha'eño,solo,solo,R
ha'eño,solitario,solitario,R
ha'eño,retirado,retirado,R
ha'eño,taciturno,taciturno,R
ha'eño,retraído,retraído,R
ha'eño,soltero,soltero,R
he,rico,rico,R
he,sabroso,sabroso,R
herunguã,oculto,oculto,R
herunguã,misterioso,misterioso,R
herunguã,secreto,secreto,R
herunguã,incierto,incierto,R
herunguã,legendario,legendario,R
he'iavýva,antónimos,antónimos,R
he'ẽ,dulce,dulce,R
he'ẽ,salado,salado,R
he'ẽvy,semidulce,semidulce,R
he'ỹ,insípido,insípido,R
he'ỹ,soso,soso,R
he'ỹ,desabrido,desabrido,R
hi'aragua,oportuno,oportuno,R
hi'aratimbo,brumoso,brumoso,R
hi'are,duradero,duradero,R
hi'are,perdurable,perdurable,R
hi'atĩ,canoso,canoso,R
hi'a'ỹva,improductivo,improductivo,R
hi'áva,frutal,frutal,R
hi'áva,fructífero,fructífero,R
hi'ýva,aguado,aguado,R
hoverepyre,chamuscado,chamuscado,R
hyvi,fibroso,fibroso,R
hái,agrio,agrio,R
hái,ácido,ácido,R
hũ,negro,negro,R
hũngy,gris,gris,R
hũngy,negruzco,negruzco,R
hũngy,pardo,pardo,R
iguypegua,inferior,inferior,R
ikatupáva,omnipotente,omnipotente,R
ikatupáva,todopode­roso,todopode­roso,R
ikatu'ỹva,imposible,imposible,R
ikatúva,posible,posible,R
ikoe,distinto,distinto,R
ikoe,diferente,diferente,R
ikoe,diverso,diverso,R
ikoe,desigual,desigual,R
ikoe,opuesto,opuesto,R
ikoe,fabuloso,fabuloso,R
ikua'íva,poroso,poroso,R
ikuáva,horadado,horadado,R
imo'ãporãva,idealista,idealista,R
iporupy,valedero,valedero,R
ipotýva,florecido,florecido,R
ipotýva,florido,florido,R
ipotýva,floreciente,floreciente,R
ipuvaíva,disonante,disonante,R
ipúva,sonoro,sonoro,R
irundy,cuatro,cuatro,R
irundyha,cuarto,cuarto,R
ja'opyre,dividido,dividido,R
ja'upyrã,comestible,comestible,R
ja'úva,comestible,comestible,R
jaho'ipyre,velado,velado,R
jaho'ipyre,cubierto,cubierto,R
jahupyty'ỹva,inasequible,inasequible,R
jaipa,ulceroso,ulceroso,R
jajy,gomoso,gomoso,R
jajy,pegajoso,pegajoso,R
jajy,resistente,resistente,R
japajua,viscoso,viscoso,R
japu,mentiroso,mentiroso,R
japu,embustero,embustero,R
japu,falso,falso,R
japu'ỹ,sincero,sincero,R
japu'ỹ,veraz,veraz,R
japu'ỹ,s,s,R
japu'ỹva,veraz,veraz,R
japu'ỹva,franco,franco,R
jara'ỹva,libre,libre,R
jare,sucio,sucio,R
jare,mugriento,mugriento,R
jare,roñoso,roñoso,R
jasurúva,invasor,invasor,R
jasypegua,lunar,lunar,R
jave,parejo,parejo,R
javeve,parecido,parecido,R
javeve,semejante,semejante,R
javo'ói,embrollado,embrollado,R
javo'ói,enredado,enredado,R
javorái,intrincado,intrincado,R
javorái,peliagudo,peliagudo,R
javorái,enrevesado,enrevesado,R
javykuaa'ỹva,infalible,infalible,R
jayvy,agachado,agachado,R
jayvy,cabizbajo,cabizbajo,R
je'o,descolorido,descolorido,R
je'o'ỹva,imborrable,imborrable,R
jechukaséva,vanidoso,vanidoso,R
jegua,adornado,adornado,R
jegua'íva,sobrio,sobrio,R
jegua'íva,modesto,modesto,R
jegua'ỹre,sencillo,sencillo,R
jegua'ỹre,sobrio,sobrio,R
jeguareipáva,lujoso,lujoso,R
jeha'ỹi'óva,castrado,castrado,R
jehayhu,popular,popular,R
jehayhu,querido,querido,R
jehayhu'ỹva,antipático,antipático,R
jehayhuve,predilecto,predilecto,R
jehecháva,notorio,notorio,R
jeitypyre,echado,echado,R
jeitypyre,proscripto,proscripto,R
jejapo,engreído,engreído,R
jejapo,orgulloso,orgulloso,R
jejapo,presumido,presumido,R
jejapo'ỹ,modesto,modesto,R
jejapo'ỹ,sencillo,sencillo,R
jejapokatúva,realizable,realizable,R
jejapopáva,listo,listo,R
jejapopáva,terminado,terminado,R
jejapóva,orgulloso,orgulloso,R
jejokuapy,servicial,servicial,R
jejopy,presionado,presionado,R
jejopy,oprimido,oprimido,R
jejopýva,oprimido,oprimido,R
jejopýva,presionado,presionado,R
jejukaha,suicida,suicida,R
jejuvoka,estrangulado,estrangulado,R
jeka,roto,roto,R
jeka,agrietado,agrietado,R
jeka,rajado,rajado,R
jekakue,roto,roto,R
jekakue,quebrado,quebrado,R
jekareíva,quebradizo,quebradizo,R
jekuaa,conocido,conocido,R
jekuaa,descubierto,descubierto,R
jekuaa'ỹva,desconocido,desconocido,R
jekuaa'ỹva,incógnito,incógnito,R
jekuaapyre,conocido,conocido,R
jekuaapyre,notorio,notorio,R
jekuaapyre,sabido,sabido,R
jekuaapyre,ilustre,ilustre,R
jekuaapyre,público,público,R
jekuaapyre,publicado,publicado,R
jekuaáva,sabido,sabido,R
jepe'a,abierto,abierto,R
jepe'a,separado,separado,R
jepigua,ordinario,ordinario,R
jepigua,usual,usual,R
jepigua'ỹ,original,original,R
jepigua'ỹ,extraordinario,extraordinario,R
jepigua'ỹ,peculiar,peculiar,R
jepokogua,táctil,táctil,R
jepokokuaáva,tangible,tangible,R
jepokuaa,acostumbrado,acostumbrado,R
jepokuaa,habitua­do,habitua­do,R
jepokuaa,usual,usual,R
jepokuaáva,habituado,habituado,R
jepokuaáva,acostum­brado,acostum­brado,R
jepome'ẽ,generoso,generoso,R
jepome'ẽ,derrochador,derrochador,R
jeporavokuaáva,optativo,optativo,R
jeporavopyre,elegido,elegido,R
jeporavopyre,electo,electo,R
jeporukuaa,práctico,práctico,R
jeporukuaa,utilizable,utilizable,R
jeporupyre,usado,usado,R
jeporúva,usual,usual,R
jeporúva,usado,usado,R
jepotave,preferido,preferido,R
jepoyhu,receloso,receloso,R
jepoyhu,reservado,reservado,R
jepoyhu,recatado,recatado,R
jepy'ajopy,preocupado,preocupado,R
jepy'apy,preocupado,preocupado,R
jepytaso,obstinado,obstinado,R
jepytaso,terco,terco,R
jera,suelto,suelto,R
jera,desatado,desatado,R
jera,libre,libre,R
jerahakuaáva,tolerable,tolerable,R
jerepyre,inverso,inverso,R
jero,bravo,bravo,R
jero,terrible,terrible,R
jero,orgulloso,orgulloso,R
jero,soberbio,soberbio,R
jero,erguido,erguido,R
jero'a,inclinado,inclinado,R
jeroviaha,leal,leal,R
jeroviaha,fiel,fiel,R
jeroviaha'ỹ,traidor,traidor,R
jeroviaha'ỹ,desleal,desleal,R
jeroviapy,fiel,fiel,R
jeroviapy,leal,leal,R
jeroviarei,crédulo,crédulo,R
jerovu,presumido,presumido,R
jerovu,vanidoso,vanidoso,R
jerovu'ỹ,modesto,modesto,R
jerurepyre,pedido,pedido,R
jesape'áva,observador,observador,R
jetu'úva,obstinado,obstinado,R
jetu'úva,pertinaz,pertinaz,R
jo'a,doble,doble,R
jo'a,encimado,encimado,R
jo'a,duplicado,duplicado,R
jo'apyrã,plegable,plegable,R
joa,varios,varios,R
joa,simultáneo,simultáneo,R
joaju,unidos,unidos,R
joaju,juntos,juntos,R
joaju,pegados,pegados,R
joaju,adheridos,adheridos,R
joapy,unido,unido,R
joapy,añadido,añadido,R
joapy,doblado,doblado,R
joapy,plegado,plegado,R
joapy,doble,doble,R
joavy,desigual,desigual,R
joavy,diferente,diferente,R
joavy,distinto,distinto,R
joguaha,igual,igual,R
joguaha,semejante,semejante,R
joha,insípido,insípido,R
joha,áspero,áspero,R
joha,tosco,tosco,R
joha,antipático,antipático,R
joha,mañero,mañero,R
joha,huraño,huraño,R
joheipyre,lavado,lavado,R
johupyre,hallado,hallado,R
johupyre,encontrado,encontrado,R
johupyre,inventado,inventado,R
joja,igual,igual,R
joja,parejo,parejo,R
joja,plano,plano,R
joja'ỹ,impar,impar,R
joja'ỹ,desigual,desigual,R
jojaha,par,par,R
jojaha,igual,igual,R
jojaha'ỹ,optimo,optimo,R
jojaha'ỹ,incomparable,incomparable,R
jojaha'ỹ,singular,singular,R
jojaha'ỹ,ideal,ideal,R
jojapy,social,social,R
jokapyre,quebrado,quebrado,R
jokapyre,roto,roto,R
jokoha'ỹva,desenfrenado,desenfrenado,R
jokopyre,sostenido,sostenido,R
jokopyre,detenido,detenido,R
jokuapy,atado,atado,R
jokuapy,amarrado,amarrado,R
jokuapy,envuelto,envuelto,R
jokuapyre,atado,atado,R
jopara,mezclado,mezclado,R
jopara,mixto,mixto,R
jopy,avaro,avaro,R
jopy,tacaño,tacaño,R
jopy,mezquino,mezquino,R
jorapyrã'ỹ,indisoluble,indisoluble,R
josopyre,molido,molido,R
josopyre,machucado,machucado,R
josopyre,pisado,pisado,R
jovái,opuestos,opuestos,R
jovái,enfrentados,enfrentados,R
joyvy,doble,doble,R
joyvy,pareado,pareado,R
juaju,unidos,unidos,R
juaju,juntos,juntos,R
juaju,pegados,pegados,R
juaju,adheridos,adheridos,R
juavy,desigual,desigual,R
juehegua,parecidos,parecidos,R
juehegua,iguales,iguales,R
juky,simpático,simpático,R
juky,gracioso,gracioso,R
juky,atractivo,atractivo,R
juky,saleroso,saleroso,R
juky'ỹ,soso,soso,R
juky'ỹ,insípido,insípido,R
jurapyre,cautivo,cautivo,R
juru'akua,pedigüeño,pedigüeño,R
juru'akua,aprovechador,aprovechador,R
juru'atã,soberbio,soberbio,R
juru'atã,engreído,engreído,R
juru'atã,petulante,petulante,R
jurugua,oral,oral,R
juruguasu,fanfarrón,fanfarrón,R
juruguasu,maldiciente,maldiciente,R
juruguasu,bocón,bocón,R
juruhe'ẽ,zalamero,zalamero,R
juruhe'ẽ,adulador,adulador,R
juruhe'ỹ,inapetente,inapetente,R
jurujái,boquiabierto,boquiabierto,R
jurujái,embobado,embobado,R
jurujái,atónito,atónito,R
jurumy'ỹi,chismoso,chismoso,R
jurumy'ỹi,indiscreto,indiscreto,R
jurumy'ỹi,charlatán,charlatán,R
jurumy'ỹi,delator,delator,R
jurupe'a,boquiabierto,boquiabierto,R
jurupipi,parlanchín,parlanchín,R
jurupipi,charlatán,charlatán,R
jurupipi,chismoso,chismoso,R
juruvaíva,malhablado,malhablado,R
juruvera,chismoso,chismoso,R
juruvera,charlatán,charlatán,R
juruvy,entreabierto,entreabierto,R
juruvy,entornado,entornado,R
juvypyre,ahorcado,ahorcado,R
jy,cocido,cocido,R
jy,cocinado,cocinado,R
jygue,cocido,cocido,R
jygue,cocinado,cocinado,R
jyva'ỹ,manco,manco,R
jái,abierto,abierto,R
kachape,playo,playo,R
kachape,pequeño,pequeño,R
kachiãi,grosero,grosero,R
kachiãi,zafado,zafado,R
kachiãi,indiscipli­nado,indiscipli­nado,R
kachiãi,informal,informal,R
kachiãi,ruin,ruin,R
kachiãi,villano,villano,R
kachiãi,descortés,descortés,R
kachiãi,soez,soez,R
kachiãi,vulgar,vulgar,R
kaigue,quemado,quemado,R
kakuaa,adulto,adulto,R
kakuaa,crecido,crecido,R
kakuaa,grande,grande,R
kakuaa,mayor,mayor,R
kakuaa,mayúsculo,mayúsculo,R
kakuaagua,adulto,adulto,R
kakuaave,mayor,mayor,R
kakuaáva,desarrollado,desarrollado,R
kamba,morocho,morocho,R
kamba,mulato,mulato,R
kamba,negro,negro,R
kambu,lactante,lactante,R
kane'õ'ỹva,incansable,incansable,R
kane'õ'ỹva,infatigable,infatigable,R
kane'õ,cansado,cansado,R
kane'õ,fatigado,fatigado,R
kane'õ,rendido,rendido,R
kangy,débil,débil,R
kangy,flojo,flojo,R
kangy,lánguido,lánguido,R
kapi'i'uha,herbívoro,herbívoro,R
karai,bendecido,bendecido,R
karai,bautizado,bautizado,R
karai,sagrado,sagrado,R
karai'ỹva,pagano,pagano,R
karakatu,prudente,prudente,R
karakatu,despacioso,despacioso,R
karakatu,hábil,hábil,R
karape,bajo,bajo,R
karape,petiso,petiso,R
karape,enano,enano,R
karape,pequeño,pequeño,R
karapã,curvo,curvo,R
karapã,arqueado,arqueado,R
karapã,torcido,torcido,R
karapã,inclinado,inclinado,R
karapã,agachado,agachado,R
karapã,doblado,doblado,R
karia'y,valiente,valiente,R
karia'y,guapo,guapo,R
karu,comilón,comilón,R
karu,glotón,glotón,R
karu'i,inapetente,inapetente,R
karu'i,frugal,frugal,R
karẽ,torcido,torcido,R
karẽ,rengo,rengo,R
karẽ,doblado,doblado,R
karẽ,arqueado,arqueado,R
karẽ,curvo,curvo,R
karẽ,indirecto,indirecto,R
karẽ'y,recto,recto,R
karẽ'y,derecho,derecho,R
katupyry,capaz,capaz,R
katupyry,guapo,guapo,R
katupyry,inteligente,inteligente,R
katupyry,vivo,vivo,R
katupyry,bueno,bueno,R
katupyry,hábil,hábil,R
katupyry,eficaz,eficaz,R
katupyry,diligente,diligente,R
katupyry,meritorio,meritorio,R
katupyry,hacendoso,hacendoso,R
katupyry'ỹva,incapaz,incapaz,R
katu'ỹva,imposible,imposible,R
kavure'i,simpático,simpático,R
kavure'i,popular,popular,R
kavure'i,atractivo,atractivo,R
kañy,perdido,perdido,R
kañy,extraviado,extraviado,R
kañy,recóndi­to,recóndi­to,R
kañy,latente,latente,R
kañy,subrepticio,subrepticio,R
kañy,ilegal,ilegal,R
kañypyre,perdido,perdido,R
ka'aguygua,silvestre,silvestre,R
ka'aguygua,salvaje,salvaje,R
ka'aguygua,montaraz,montaraz,R
ka'ajarýi,mulato,mulato,R
ka'ajarýi,mestizo,mestizo,R
ka'arugua,vespertino,vespertino,R
ka'avo,simpático,simpático,R
ka'avo,atractivo,atractivo,R
ka'avo,popular,popular,R
ka'avo,afortunado,afortunado,R
ka'avo,prestigioso,prestigioso,R
ka'avo,cautivador,cautivador,R
ka'avo,querido,querido,R
ka'avo,sociable,sociable,R
ka'avo,gracioso,gracioso,R
ka'u,borracho,borracho,R
ka'u,ebrio,ebrio,R
ka'u,bebido,bebido,R
ka'u'ỹ,sobrio,sobrio,R
ka'ẽ,asado,asado,R
ka'ẽ,delgado,delgado,R
kechẽ,torcido,torcido,R
kechẽ,deformado,deformado,R
kekẽ,ronco,ronco,R
kelembu,feo,feo,R
keraguata,sonámbulo,sonámbulo,R
kerana,dormilón,dormilón,R
kirirĩ,callado,callado,R
kirirĩ,sosegado,sosegado,R
kirirĩ,silencioso,silencioso,R
kirirĩ,reservado,reservado,R
kirirĩ,tranquilo,tranquilo,R
kirirĩ,taciturno,taciturno,R
kirirĩ,discreto,discreto,R
ko,este/a,este/a,R
koichagua,tal,tal,R
koichaite,igual,igual,R
koníva,ondulado,ondulado,R
korócho,aspero,aspero,R
korócho,rugoso,rugoso,R
korócho,tosco,tosco,R
kose,perjudicial,perjudicial,R
kose,destructor,destructor,R
kotevẽpyre,necesario,necesario,R
koygua,campesino,campesino,R
koygua,tímido,tímido,R
koygua,rústi­co,rústi­co,R
koygua,agreste,agreste,R
koygua,rural,rural,R
koygua,paisano,paisano,R
koygua,tosco,tosco,R
ko'ã,estos/as,estos/as,R
ko'ãgagua,actual,actual,R
ko'ãgagua,vigente,vigente,R
ko'ãgagua,moderno,moderno,R
ko'ãichagua,tales,tales,R
ko'õ'ỹ,inofensivo,inofensivo,R
ko'ẽmegua,mañanero,mañanero,R
ko'ẽregua,diario,diario,R
ku,ese,ese,R
ku,aquel,aquel,R
ku,tal,tal,R
kuaaha,sabedor,sabedor,R
kuaaha,conocedor,conocedor,R
kuaaha,conocido,conocido,R
kuaaha,perito,perito,R
kuaapyre,entendido,entendido,R
kuaapyre,reconocido,reconocido,R
kuaapyre,relacionado,relacionado,R
kuaapyre,proverbial,proverbial,R
kuaapyre,conocido,conocido,R
kuaapyrã,notable,notable,R
kuaa'ỹva,indefinido,indefinido,R
kuarahysẽgotyogua,oriental,oriental,R
kuarahy'ãva,sombreado,sombreado,R
kuatia'ỹva,indocumentado,indocumentado,R
kucha'ã,torcido,torcido,R
kucha'ã,deforme,deforme,R
kucha'ã,contorsionado,contorsionado,R
kuchu,flojo,flojo,R
kuchu,débil,débil,R
kuera,sano,sano,R
kuerái,aburrido,aburrido,R
kuerái,fastidiado,fastidiado,R
kumbe,tartamudo,tartamudo,R
kumby'ỹi,charlatán,charlatán,R
kumby'ỹi,chismoso,chismoso,R
kundaha,enroscado,enroscado,R
kundaha,retorcido,retorcido,R
kundaha,revuelto,revuelto,R
kundaha,entretejido,entretejido,R
kupegua,posterior,posterior,R
kurepi,argentino,argentino,R
kurepi,porteño,porteño,R
kurigua,pretérito,pretérito,R
kuru,clueca,clueca,R
kuruvi,desmenuzado,desmenuzado,R
kuruvi,triturado,triturado,R
kuéra,muchos,muchos,R
kuéra,aquellos,aquellos,R
ku'e,movible,movible,R
ku'e,vacilante,vacilante,R
ku'i,molido,molido,R
ku'i,pisado,pisado,R
ku'i,desmenuzado,desmenuzado,R
ku'i,triturado,triturado,R
ku'i,fino,fino,R
ku'i,menudo,menudo,R
ku'ipa,destrozado,destrozado,R
ku'ipyre,molido,molido,R
kyhyjepyrã,siniestro,siniestro,R
kyhyjerã,tremendo,tremendo,R
kyra,gordo,gordo,R
kyra,grasiento,grasiento,R
kyra,obeso,obeso,R
kyrajo'a,embarazada,embarazada,R
kyrapu,rollizo,rollizo,R
kyre'ỹ,activo,activo,R
kyre'ỹ,optimista,optimista,R
kyre'ỹ,movido,movido,R
kyre'ỹ,servicial,servicial,R
kyre'ỹ,dinámico,dinámico,R
kyre'ỹ,hacendoso,hacendoso,R
kyre'ỹ,vivaracho,vivaracho,R
kyre'ỹ,solícito,solícito,R
kyre'ỹ,rápido,rápido,R
kyre'ỹ,despierto,despierto,R
kyre'ỹ,laborioso,laborioso,R
kyrỹi,tierno,tierno,R
kyrỹi,verde,verde,R
kyrỹi,joven,joven,R
kyta'i,próximo,próximo,R
kyto,poco,poco,R
kyto,pequeño,pequeño,R
kyto,diminuto,diminuto,R
kyto,ínfimo,ínfimo,R
kytomi,diminuto,diminuto,R
kytomi,insignificante,insignificante,R
kytomi,pequeño,pequeño,R
kytĩha,incisivo,incisivo,R
kytĩmbyre,cortado,cortado,R
ky'a,sucio,sucio,R
ky'a,roñoso,roñoso,R
ky'a,puerco,puerco,R
ky'a,inmundo,inmundo,R
ky'a,impuro,impuro,R
ky'a,sórdido,sórdido,R
ky'a,manchado,manchado,R
ky'a,poluido,poluido,R
kái,quemado,quemado,R
kã,seco,seco,R
kã,enjuto,enjuto,R
kã,deshidratado,deshidratado,R
kõi,doble,doble,R
kõi,par,par,R
kõi,gemelo,gemelo,R
kõi,mellizo,mellizo,R
kúi,caldo,caldo,R
maimbe,tostado,tostado,R
maimbe,asado,asado,R
mandu'apyre,mencionado,mencionado,R
mandu'apyre,recordado,recordado,R
mandu'arã,memorable,memorable,R
mano,marchito,marchito,R
mano,desmayado,desmayado,R
manokatúva,mortal,mortal,R
manokuaa'ỹva,inmortal,inmortal,R
manombotáva,moribundo,moribundo,R
marachachã,inválido,inválido,R
marachachã,tullido,tullido,R
marachachã,impedido,impedido,R
marachachã,tembleque,tembleque,R
marae'ỹ,perfecto,perfecto,R
marane'ỹ,perfecto,perfecto,R
marane'ỹ,puro,puro,R
marane'ỹ,probo,probo,R
marane'ỹ,sincero,sincero,R
marane'ỹ,manso,manso,R
marane'ỹ,noble,noble,R
marane'ỹ,pío,pío,R
marangatu,santo,santo,R
marangatu,bueno,bueno,R
marangatu,justo,justo,R
marangatu,recto,recto,R
marangatu,piadoso,piadoso,R
marangatu,sincero,sincero,R
marangatu,probo,probo,R
marangatu,noble,noble,R
marangatu,pío,pío,R
marangatu,sagrado,sagrado,R
marangatu,cabal,cabal,R
marangatu,virtuoso,virtuoso,R
marangatu,venerable,venerable,R
marangatu,honesto,honesto,R
marangatu'ỹva,innoble,innoble,R
marã,defectuoso,defectuoso,R
marã,descompuesto,descompuesto,R
marã,manchado,manchado,R
marã,viciado,viciado,R
marã,imperfecto,imperfecto,R
marãva,culpable,culpable,R
marã'ỹ,puro,puro,R
marã'ỹ,virgen,virgen,R
marã'ỹ,casto,casto,R
marã'ỹ,inocente,inocente,R
marã'ỹ,intachable,intachable,R
marã'ỹ,intacto,intacto,R
mavave,ningún,ningún,R
mayma,todo(s),todo(s),R
mayma,cualquier,cualquier,R
mayma,cada,cada,R
mbarete,fuerte,fuerte,R
mbarete,poderoso,poderoso,R
mbarete,potente,potente,R
mbarete,prepotente,prepotente,R
mbarete,pujante,pujante,R
mbarete,intenso,intenso,R
mbarete,sólido,sólido,R
mbarete,duro,duro,R
mbarete,firme,firme,R
mbarete,vigoroso,vigoroso,R
mbarete,forzudo,forzudo,R
mbarete,recio,recio,R
mbarete'ỹ,flojo,flojo,R
mbatara,jaspeado,jaspeado,R
mbatara,moteado,moteado,R
mbatara,matizado,matizado,R
mbatara,overo,overo,R
mbatara,multicolor,multicolor,R
mbatara,polícromo,polícromo,R
mba'eheta,rico,rico,R
mba'ererekoha,rico,rico,R
mba'evegua,nulo,nulo,R
mba'e'ỹ,ajeno,ajeno,R
mba'éva,posesivo,posesivo,R
mbe,chato,chato,R
mbegue,lento,lento,R
mbegue,pausado,pausado,R
mbegue,despacioso,despacioso,R
mbichy,asado,asado,R
mbichy,tostado,tostado,R
mbiraíva,leproso,leproso,R
mboaguaraha,zalamero,zalamero,R
mboaguarapyre,adulado,adulado,R
mboaguaráva,halagador,halagador,R
mbohapy,tres,tres,R
mbohapyha,tercero,tercero,R
mbohekojojáva,justiciero,justiciero,R
mboja'opyre,fraccionado,fraccionado,R
mbojeroviapyre,estimado,estimado,R
mbojeroviapyre,mimado,mimado,R
mbojojáva,comparativo,comparativo,R
mbojopypyre,añadido,añadido,R
mbojopypyre,apretado,apretado,R
mbojypyre,cocinado,cocinado,R
mbojypyre,cocido,cocido,R
mbojypyre,guisado,guisado,R
mbokuapyre,agujereado,agujereado,R
mbokuapyre,horadado,horadado,R
mbokuapyre,ahuecado,ahuecado,R
mbopapapyre,contado,contado,R
mbopukáva,jocoso,jocoso,R
mboriahu,pobre,pobre,R
mbotakykuepyre,pospuesto,pospuesto,R
mbotapyre,golpeado,golpeado,R
mbovopyre,partido,partido,R
mbovopyre,fraccionado,fraccionado,R
mbovy,pocos,pocos,R
mbovy,cuántos,cuántos,R
mboypýri,ulterior,ulterior,R
mboyvegua,anterior,anterior,R
mboyvegua,previo,previo,R
mboyvegua,pretérito,pretérito,R
mbo'epyre,enseñado,enseñado,R
mbo'ipyre,picado,picado,R
mbo'ipyre,desmenuzado,desmenuzado,R
mbo'ipyre,descuartizado,descuartizado,R
mburutue,grandioso,grandioso,R
mburutue,gigantesco,gigantesco,R
mburutue,descomunal,descomunal,R
mbyaiha,perjudicial,perjudicial,R
mbyaiha,pernicioso,pernicioso,R
mbyaiha,dañino,dañino,R
mbyaipyre,corrupto,corrupto,R
mbyaipyre,descompuesto,descompuesto,R
mbyky,corto,corto,R
mbyky,breve,breve,R
mbytepegua,neutral,neutral,R
mbytepegua,intermedio,intermedio,R
mbytere,medio,medio,R
mbóre,inservible,inservible,R
mbóre,tonto,tonto,R
mbóre,malo,malo,R
meguã,defectuoso,defectuoso,R
meguã,deforme,deforme,R
meguã,lisiado,lisiado,R
meguã,inválido,inválido,R
meguã,tarado,tarado,R
membykõi,mellizos,mellizos,R
membykõi,gemelos,gemelos,R
memby'ỹ,estéril,estéril,R
meme,perenne,perenne,R
meme,continuo,continuo,R
meme,habitual,habitual,R
memegua,perenne,perenne,R
memegua,frecuente,frecuente,R
memegua,sucesivo,sucesivo,R
mendare,casado,casado,R
mendare'ỹ,soltero,soltero,R
mendáva,casado,casado,R
me'ẽmbyre,dado,dado,R
me'ẽmbyre,rendido,rendido,R
me'ẽmbyre,derrotado,derrotado,R
michĩ,chico,chico,R
michĩ,pequeño,pequeño,R
michĩ,reducido,reducido,R
michĩ,pocos,pocos,R
michĩmi,diminuto,diminuto,R
michĩve,menor,menor,R
mimbi,brillante,brillante,R
mimbi,radiante,radiante,R
mimbi,reluciente,reluciente,R
mimi,chiquito,chiquito,R
mimoimbyre,guisado,guisado,R
mimoimbyre,cocido,cocido,R
mimoimbyre,cocinado,cocinado,R
mimói,hervido,hervido,R
mimói,cocido,cocido,R
mimói,sancochado,sancochado,R
mimói,cocinado,cocinado,R
mini,pequeño,pequeño,R
mini,chico,chico,R
mirĩ,pequeño,pequeño,R
mirĩ,apocado,apocado,R
mirĩ,humilde,humilde,R
mitã,joven,joven,R
moha'angapyre,ilustrado,ilustrado,R
moha'angapyre,dibujado,dibujado,R
mohu'ũmbyre,machucado,machucado,R
moingepyre,introducido,introducido,R
mokañymbyre,escondido,escondido,R
mokañymbyre,desaparecido,desaparecido,R
mokañymbyre,secuestrado,secuestrado,R
mokõi,dos,dos,R
mokõiha,segundo,segundo,R
mokõipaha,vigésimo,vigésimo,R
mokõive,ambos,ambos,R
mombe'upy,referido,referido,R
mombe'upyre,declarado,declarado,R
mombe'upyre,contado,contado,R
mombopyre,tirado,tirado,R
mombyry,lejano,lejano,R
mombyry,distante,distante,R
mombyry,remoto,remoto,R
momembykuáva,abortivo,abortivo,R
momondýiva,peligroso,peligroso,R
momorãmby,estimado,estimado,R
momorãmby,amado,amado,R
momorãmbyre,célebre,célebre,R
momorãmbyre,notable,notable,R
momorãmbyrã,formidable,formidable,R
momorãmbyrã,loable,loable,R
momorãmbyrã,admirable,admirable,R
momorãmbyrã,recomendable,recomendable,R
momorãva,exclamativo,exclamativo,R
monambipyre,prisionero,prisionero,R
monambipyre,cautivo,cautivo,R
monambipyre,preso,preso,R
monandipyre,vaciado,vaciado,R
mondapyre,robado,robado,R
mondopyre,enviado,enviado,R
moneĩva,afirmativo,afirmativo,R
mongaraipyre,consagrado,consagrado,R
mongaraipyre,bendito,bendito,R
mongarúva,alimenticio,alimenticio,R
monga'uha,embriagador,embriagador,R
mongorapyre,sitiado,sitiado,R
mongyhyjéva,temible,temible,R
mongy'apyre,sucio,sucio,R
mongy'apyre,poluido,poluido,R
mongéva,soporífero,soporífero,R
mono'õmbyre,recogido,recogido,R
mono'õmbyre,ahorrado,ahorrado,R
moopi,miserable,miserable,R
moopi,mezquino,mezquino,R
mopirĩmbáva,terrible,terrible,R
mopirĩmbáva,espeluznante,espeluznante,R
mopirĩva,pavoroso,pavoroso,R
mopotĩmbyre,refinado,refinado,R
mopotĩmbyre,purificado,purificado,R
mopotĩmbyre,aseado,aseado,R
mopẽmby,roto,roto,R
mopẽmby,fracturado,fracturado,R
morombi,hambriento,hambriento,R
morombi,inútil,inútil,R
morombi,infeliz,infeliz,R
morotĩ,blanco,blanco,R
morotĩngy,blancuzco,blancuzco,R
morotĩsa'yju,bayo,bayo,R
morotĩũ,agrisado,agrisado,R
mosarambipyre,extendido,extendido,R
mosẽmbyre,expulsado,expulsado,R
mosẽmbyre,desalojado,desalojado,R
moteĩva,determinativo,determinativo,R
moñamby,perseguido,perseguido,R
moñái,perverso,perverso,R
moñái,malvado,malvado,R
moñái,travieso,travieso,R
moñái,taimado,taimado,R
moñái,zafado,zafado,R
moĩmbyre,puesto,puesto,R
mo'ãmbyre,protegido,protegido,R
mo'ãva,frustrativo,frustrativo,R
muasãipyre,extendido,extendido,R
myatyrõmbyre,mejorado,mejorado,R
myatyrõmbyre,arreglado,arreglado,R
myi'ỹ,quieto,quieto,R
myi'ỹ,yerto,yerto,R
my'ỹi,charlatán,charlatán,R
my'ỹi,chismoso,chismoso,R
nahesakãi,nublado,nublado,R
nahesakãi,oscuro,oscuro,R
naimokõivai,impar,impar,R
naipohãiva,irrevocable,irrevocable,R
naipohãiva,irremediable,irremediable,R
naiporãitéi,pasable,pasable,R
naiñambuéiva,invariable,invariable,R
naiñambuéiva,inalterable,inalterable,R
nandi,vacío,vacío,R
nandi,suelto,suelto,R
nandi,libre,libre,R
nandi,descubierto,descubierto,R
nandi,hueco,hueco,R
nandi,vacante,vacante,R
nandipyre,vaciado,vaciado,R
napeteĩchai,variado,variado,R
ndahasýi,fácil,fácil,R
ndahasýi,simple,simple,R
ndahepýi,barato,barato,R
ndahetái,pocos,pocos,R
ndahetái,escasos,escasos,R
ndahi'aréi,temporal,temporal,R
ndahi'aréi,fugaz,fugaz,R
ndahéi,desabrido,desabrido,R
ndaijeroviahái,sospechoso,sospechoso,R
ndaijeroviahái,irresponsable,irresponsable,R
ndaipochýiva,manso,manso,R
ndaipukúi,corto,corto,R
ndaipukúi,temporáneo,temporáneo,R
nde,tu,tu,R
ndokéiva,despierto,despierto,R
ndokúiva,perenne,perenne,R
ndopavéiva,interminable,interminable,R
ndopáiva,eterno,eterno,R
ndopáiva,crónico,crónico,R
ne,maloliente,maloliente,R
ne,hediondo,hediondo,R
ne,fétido,fétido,R
neporãva,excelente,excelente,R
nevu,maloliente,maloliente,R
nevu,pestilente,pestilente,R
nevu,fétido,fétido,R
nguasu,grande,grande,R
nguéra,muchos,muchos,R
nguéra,aquellos,aquellos,R
nohendúiva,sordo,sordo,R
noma'ẽiva,desatento,desatento,R
nomba'aposéiva,haragán,haragán,R
nomba'apovéiva,retirado,retirado,R
nomba'apovéiva,desocupado,desocupado,R
nomba'apóiva,desocupado,desocupado,R
nomendáiva,soltero,soltero,R
notĩvai,sinvergüenza,sinvergüenza,R
noñandúiva,insensible,insensible,R
noñemovãiva,constante,constante,R
noĩmbáiva,incompleto,incompleto,R
noĩmbáiva,deficiente,deficiente,R
oguatáva,viajero,viajero,R
oguatáva,caminante,caminante,R
oguejýva,descendente,descendente,R
oguepyre,apagado,apagado,R
oguevíva,renegado,renegado,R
oguéva,apagado,apagado,R
oguéva,fugaz,fugaz,R
ohai'ỹva,analfabeto,analfabeto,R
ohechakuaáva,reconocido,reconocido,R
ohechakuaáva,servicial,servicial,R
ohechakuaáva,agradecido,agradecido,R
oikereíva,intruso,intruso,R
oikoporãva,correcto,correcto,R
oikotevẽva,necesitado,necesitado,R
oikotevẽva,pobre,pobre,R
oikovéva,vivo,vivo,R
oikovéva,habitante,habitante,R
oikuaáva,informado,informado,R
oikuaáva,versado,versado,R
oikéva,participante,participante,R
oikéva,penetrante,penetrante,R
oimehaichagua,cualquier,cualquier,R
oimeraẽva,cualquiera,cualquiera,R
oimeraẽva,todos,todos,R
oimeraẽva,quienquiera,quienquiera,R
oimeraẽva,alguno,alguno,R
oiméva,presente,presente,R
oiméva,existente,existente,R
ojavýva,fracasado,fracasado,R
ojehayhúva,amado,amado,R
ojeja'e'ỹva,odiado,odiado,R
ojekuaáva,conocido,conocido,R
ojekuaáva,sabido,sabido,R
ojekuaáva,vinculado,vinculado,R
ojekuaáva,público,público,R
ojetu'úva,tenaz,tenaz,R
ojohuguy,consanguíneo,consanguíneo,R
ojojáva,idéntico,idéntico,R
ojuavýva,diferente,diferente,R
ojuavýva,diverso,diverso,R
ojuavýva,distinto,distinto,R
ojukáva,mortal,mortal,R
ojukáva,letal,letal,R
ojupíva,ascendente,ascendente,R
ojupíva,empinado,empinado,R
ojupíva,trepador,trepador,R
oke'ỹva,insomne,insomne,R
okára,campesino,campesino,R
okára,campestre,campestre,R
okára,silvestre,silvestre,R
omanóva,muerto,muerto,R
omañáva,vigilante,vigilante,R
omañáva,observador,observador,R
ombohováiva,contestador,contestador,R
ombohováiva,rival,rival,R
ombohováiva,oponente,oponente,R
ombojeréva,circundante,circundante,R
omboryrýiva,tremebundo,tremebundo,R
omboróva,fastidioso,fastidioso,R
ombovy'áva,recreativo,recreativo,R
ombo'áva,ovíparo,ovíparo,R
ombyasýva,triste,triste,R
omenda'ỹva,soltero,soltero,R
omondýiva,horrendo,horrendo,R
omyi'ỹva,inmóvil,inmóvil,R
opa,cada,cada,R
opa,todo,todo,R
opaichagua,diferentes,diferentes,R
oparupigua,universal,universal,R
opavave,todos,todos,R
opave'ỹva,interminable,interminable,R
opave'ỹva,perpetuo,perpetuo,R
opave'ỹva,eterno,eterno,R
opa'ãva,varado,varado,R
opa'ãva,trancado,trancado,R
opa'ỹva,inacabable,inacabable,R
opa'ỹva,inagotable,inagotable,R
opa'ỹva,perdurable,perdurable,R
opiãva,prófugo,prófugo,R
opu'ãva,erecto,erecto,R
opu'ãva,empinado,empinado,R
opu'ãva,levantado,levantado,R
opu'ãva,erguido,erguido,R
opytaitéva,definitivo,definitivo,R
opyta'ỹva,volátil,volátil,R
opyta'ỹva,variable,variable,R
opyta'ỹva,nómada,nómada,R
opytáva,parado,parado,R
opytáva,radicado,radicado,R
opytáva,permanente,permanente,R
opáva,todos,todos,R
opáva,cada,cada,R
opáyva,despierto,despierto,R
opívo,desnudo,desnudo,R
opývo,parado,parado,R
ore,nuestro,nuestro,R
oryrýiva,trémulo,trémulo,R
oryrýiva,tembleque,tembleque,R
osaingóva,colgante,colgante,R
osóva,suelto,suelto,R
osẽva,resultante,resultante,R
osẽva,saliente,saliente,R
ote'õva,muerto,muerto,R
otĩva,vergonzoso,vergonzoso,R
otĩva,tímido,tímido,R
otĩ'ỹva,sinvergüenza,sinvergüenza,R
otĩ'ỹva,cínico,cínico,R
ovaváva,oscilante,oscilante,R
ova'ỹ,fijo,fijo,R
overáva,brillante,brillante,R
ovevéva,volátil,volátil,R
ovevúiva,flotante,flotante,R
ovy'áva,contento,contento,R
ovy'áva,gozoso,gozoso,R
ováva,contagioso,contagioso,R
ovúva,inflado,inflado,R
ovúva,engreído,engreído,R
ovúva,pedante,pedante,R
oñemoĩva,puesto,puesto,R
oñopehẽngue,consanguíneos,consanguíneos,R
oútava,venidero,venidero,R
oúva,proveniente,proveniente,R
oĩmba'ỹ,parcial,parcial,R
oĩmba'ỹ,incompleto,incompleto,R
oĩmba'ỹ,deficiente,deficiente,R
oĩmba'ỹ,defectuoso,defectuoso,R
oĩmbáva,integro,integro,R
oĩmbáva,completo,completo,R
oĩmbáva,total,total,R
oĩmbáva,perfecto,perfecto,R
oĩreíva,improductivo,improductivo,R
oĩreíva,inútil,inútil,R
oĩ'ỹva,inexistente,inexistente,R
pague,desgastado,desgastado,R
pague,terminado,terminado,R
paha,ultimo,ultimo,R
paha,final,final,R
paha,terminal,terminal,R
paha,postrero,postrero,R
pahague,ultimo,ultimo,R
pahague,gastado,gastado,R
pahague,viejo,viejo,R
pahague,final,final,R
pahague,terminal,terminal,R
pahague,postrero,postrero,R
pane,desdichado,desdichado,R
pane,aciago,aciago,R
pane,adverso,adverso,R
pane,fracasado,fracasado,R
pane,malogrado,malogrado,R
papapyre,contado,contado,R
papapyre,numerado,numerado,R
para,matizado,matizado,R
para,overo,overo,R
para,abigarrado,abigarrado,R
para,policromo,policromo,R
para,surtido,surtido,R
paraguái,paraguayo,paraguayo,R
parapa,multicolor,multicolor,R
parĩ,rengo,rengo,R
parĩ,cojo,cojo,R
patĩ,pálido,pálido,R
pave'ỹ,infinito,infinito,R
pave'ỹ,continuo,continuo,R
pave'ỹ,interminable,interminable,R
pave'ỹ,inacabable,inacabable,R
pavẽ,general,general,R
pavẽ,universal,universal,R
pavẽ,unánime,unánime,R
pavẽ,público,público,R
pa'ã,trancado,trancado,R
pa'ã,varado,varado,R
pa'ũmegua,intermedio,intermedio,R
pe,chato,chato,R
pe,bajo,bajo,R
pe,plano,plano,R
pe,playo,playo,R
pe,llano,llano,R
pe,aplastado,aplastado,R
pe,achatado,achatado,R
pe,espacioso,espacioso,R
pe,ancho,ancho,R
pehẽnguéva,parcial,parcial,R
pehẽ'ã,pedazado,pedazado,R
pehẽ'ã,incompleto,incompleto,R
pehẽ'ã,partido,partido,R
pehẽ'ãmbyre,fraccionado,fraccionado,R
peichagua,tal,tal,R
peichagua,así,así,R
peky,tierno,tierno,R
peky,verde,verde,R
peky,joven,joven,R
peky,inmaduro,inmaduro,R
pekõi,doble,doble,R
pekõi,mellizo,mellizo,R
pepo'a,alicaído,alicaído,R
pererĩ,delgado,delgado,R
pererĩ,fino,fino,R
pererĩ,sutil,sutil,R
pererĩ,tenue,tenue,R
peteĩ,un,un,R
peteĩ,uno,uno,R
peteĩcha,idéntico,idéntico,R
peteĩha,primer,primer,R
peteĩha,primero,primero,R
peteĩnte,unico,unico,R
pe'apyre,sacado,sacado,R
pe'apyre,destituido,destituido,R
picha'ĩ,crespo,crespo,R
picha'ĩ,rizado,rizado,R
picha'ĩ,enrulado,enrulado,R
pichochõ,encrespado,encrespado,R
pichochõ,enrulado,enrulado,R
pichoro,bebido,bebido,R
pichoro,tomado,tomado,R
piguy,bebido,bebido,R
piguy,tomado,tomado,R
pijy,perezoso,perezoso,R
pijy,inútil,inútil,R
pijy,lerdo,lerdo,R
pijy,remolón,remolón,R
pireguy,subcutáneo,subcutáneo,R
pireja,torpe,torpe,R
pireja,tardo,tardo,R
pireja,despacioso,despacioso,R
pireja,indolente,indolente,R
pirekã,seco,seco,R
pirekã,enjuto,enjuto,R
pireporã,amable,amable,R
pirevai,malhumorado,malhumorado,R
pirevai,neurasténico,neurasténico,R
pirevai,irascible,irascible,R
piriri,flamante,flamante,R
piropyre,pelado,pelado,R
piropyre,descortezado,descortezado,R
piropyre,desollado,desollado,R
piro'y,fresco,fresco,R
piro'y,agradable,agradable,R
piro'y,cómodo,cómodo,R
piro'ysã,fresco,fresco,R
piru,seco,seco,R
piru,flaco,flaco,R
piru,delgado,delgado,R
piru,magro,magro,R
piru,marchito,marchito,R
piruchĩ,flacucho,flacucho,R
piruchĩ,raquítico,raquítico,R
pirĩmba,pasmado,pasmado,R
pirĩmba,horrorizado,horrorizado,R
pitikiri'igua,renal,renal,R
pititi,pecoso,pecoso,R
pititi,moteado,moteado,R
pituva,torpe,torpe,R
pituva,incapaz,incapaz,R
pituva,desmañado,desmañado,R
pituva,indolente,indolente,R
pituva,arruinado,arruinado,R
pituva,chambón,chambón,R
pituva,inhábil,inhábil,R
pituva,inútil,inútil,R
plíki,desmañado,desmañado,R
plíki,torpe,torpe,R
plíki,chico,chico,R
plíki,pequeño,pequeño,R
po,cinco,cinco,R
poasu,zurdo,zurdo,R
pochy,enojado,enojado,R
pochy,malo,malo,R
pochy,furioso,furioso,R
pochy'ỹ,paciencia,paciencia,R
poekýi,deshilachado,deshilachado,R
poguapy,perseverante,perseverante,R
poguapy,constante,constante,R
poguasu,grueso,grueso,R
poguasu,grande,grande,R
poguasu,poderoso,poderoso,R
pohe,habilidoso,habilidoso,R
pohe,hábil,hábil,R
pohe,versado,versado,R
pohã'ỹ,irremediable,irremediable,R
pohã'ỹ,crónico,crónico,R
pohýi,pesado,pesado,R
pohýi,grave,grave,R
pohýi,fastidioso,fastidioso,R
pohýi,cargoso,cargoso,R
poipyre,suelto,suelto,R
poipyre,liberado,liberado,R
poi'ỹ,continuo,continuo,R
pojava,listo,listo,R
pojava,pronto,pronto,R
pojava,urgente,urgente,R
pojava,precipitado,precipitado,R
pojera,generoso,generoso,R
pojera,gastador,gastador,R
pojera,dadivoso,dadivoso,R
pojera,derrochador,derrochador,R
pojera,manirroto,manirroto,R
pojera,desprendido,desprendido,R
pojopy,tacaño,tacaño,R
pojopy,avaro,avaro,R
pojopy,mezquino,mezquino,R
pokarẽ,tramposo,tramposo,R
pokarẽ,falso,falso,R
pokovi,ratero,ratero,R
pokovi,cleptómano,cleptómano,R
pokã,poco,poco,R
pokã,ralo,ralo,R
pokã,raro,raro,R
pokã,escaso,escaso,R
pombovy'áva,interesante,interesante,R
pomombóva,derrochador,derrochador,R
popeno,colosal,colosal,R
popeno,enorme,enorme,R
popeno,gigantesco,gigantesco,R
popeno,descomunal,descomunal,R
popeno,formidable,formidable,R
popeno,inmenso,inmenso,R
popeno,grandioso,grandioso,R
popeno,desmesurado,desmesurado,R
popeno,mayúsculo,mayúsculo,R
popi,pelado,pelado,R
popi,descascarado,descascarado,R
popinda,ratero,ratero,R
popinda,ladrón,ladrón,R
popy'ỹi,abundante,abundante,R
popy'ỹi,frecuente,frecuente,R
popy'ỹi,profuso,profuso,R
porandúva,interrogativo,interrogativo,R
poravopyre,elegido,elegido,R
poravopyre,selecto,selecto,R
poravopyre,escogido,escogido,R
poravopyre,especial,especial,R
poravopyre,excelente,excelente,R
poravopyre,preferido,preferido,R
porenoséva,libidinoso,libidinoso,R
porenoséva,lujurioso,lujurioso,R
pore'ỹ,ausente,ausente,R
poriahuverekóva,compasivo,compasivo,R
poriahuverekóva,misericordioso,misericordioso,R
porohayhu'yva,desamorado,desamorado,R
porohayhúva,amoroso,amoroso,R
porohayhúva,cariñoso,cariñoso,R
porohekáva,pendenciero,pendenciero,R
poroja'óva,ofensivo,ofensivo,R
poroja'óva,insultante,insultante,R
porojukáva,venenoso,venenoso,R
porojukáva,tóxico,tóxico,R
porojukáva,letal,letal,R
porokuái,representativo,representativo,R
porombohyéva,laxante,laxante,R
porombohyéva,purgante,purgante,R
porombopukáva,reidero,reidero,R
porombopy'ajeréva,nauseabundo,nauseabundo,R
porombyajúva,cargoso,cargoso,R
porombyajúva,fastidioso,fastidioso,R
poromomembykuáva,abortivo,abortivo,R
poromongarúva,sustancioso,sustancioso,R
poromongarúva,suculento,suculento,R
poromongyhyjéva,peligroso,peligroso,R
poromongéva,somnífero,somnífero,R
poromotĩva,vergonzoso,vergonzoso,R
poro'o,enorme,enorme,R
poro'o,gigantesco,gigantesco,R
poro'o,descomunal,descomunal,R
poro'o,desmesurado,desmesurado,R
poro'o,grandioso,grandioso,R
porukapyre,prestado,prestado,R
porupyre,usado,usado,R
porupyre,gastado,gastado,R
porupyrã,usable,usable,R
porupyrã,recomendable,recomendable,R
porãite,precioso,precioso,R
porãite,excelente,excelente,R
porãve,mejor,mejor,R
porãve,superior,superior,R
posogue,grandioso,grandioso,R
posogue,desmesurado,desmesurado,R
posogue,descomunal,descomunal,R
posogue,gigantesco,gigantesco,R
posogue,magno,magno,R
posogue,inmenso,inmenso,R
potapyre,preferido,preferido,R
potapyre,amado,amado,R
potapyre,deseado,deseado,R
potapyre,querido,querido,R
potapyre,codiciado,codiciado,R
potapyrã,deseable,deseable,R
potapyrã,ideal,ideal,R
potapyrã,optativo,optativo,R
pota'ỹ,involuntario,involuntario,R
pota'ỹ,indeseado,indeseado,R
potĩ,limpio,limpio,R
potĩ,puro,puro,R
potĩ,aseado,aseado,R
potĩ,pulcro,pulcro,R
potĩ,decente,decente,R
potĩ,intachable,intachable,R
potĩ,virgen,virgen,R
po'a'ỹ,infausto,infausto,R
po'a'ỹ,perdedor,perdedor,R
po'a'ỹ,desdichado,desdichado,R
po'a'ỹ,infortunado,infortunado,R
po'a'ỹ,desgraciado,desgraciado,R
po'a'ỹ,infeliz,infeliz,R
po'i,delgado,delgado,R
po'i,estrecho,estrecho,R
po'i,angosto,angosto,R
po'i,fino,fino,R
po'i,sutil,sutil,R
po'ỹ,manco,manco,R
pukarã,ridículo,ridículo,R
pukarã,risible,risible,R
pukarã,chistoso,chistoso,R
puku,largo,largo,R
puku,alto,alto,R
puku,duradero,duradero,R
pupupyre,hervido,hervido,R
pururã,util,util,R
puru'a,encinta,encinta,R
puru'a,preñada,preñada,R
puru'a,embarazada,embarazada,R
pu'aka,fuerte,fuerte,R
pu'aka,poderoso,poderoso,R
pu'aka,capaz,capaz,R
pu'akaiteve,triunfador,triunfador,R
pu'akapáva,omnipotente,omnipotente,R
pu'akave,victorioso,victorioso,R
pu'akave,vencedor,vencedor,R
pu'akave,principal,principal,R
pu'aka'ỹva,impotente,impotente,R
pu'akáva,potente,potente,R
pu'akáva,victorioso,victorioso,R
pu'ã,levantado,levantado,R
pu'ã,sublevado,sublevado,R
pu'ãpyre,levantado,levantado,R
py,ancho,ancho,R
py,espacioso,espacioso,R
pyahapyre,tejido,tejido,R
pyahu,nuevo,nuevo,R
pyahu,fresco,fresco,R
pyahu,joven,joven,R
pyahu,principiante,principiante,R
pyahu,reciente,reciente,R
pyahu,naciente,naciente,R
pyahu,flamante,flamante,R
pyahu,bisoño,bisoño,R
pyahu,primerizo,primerizo,R
pyahu,moderno,moderno,R
pyatã,tenso,tenso,R
pya'e,rápido,rápido,R
pya'e,veloz,veloz,R
pychi'ĩ,estrecho,estrecho,R
pychi'ĩ,angosto,angosto,R
pychi'ĩ,reducido,reducido,R
pychãi,piquento,piquento,R
pyguasu,ancho,ancho,R
pyguasu,espacioso,espacioso,R
pyhare,nocturno,nocturno,R
pyharegua,nocturno,nocturno,R
pyhareguatáva,noctámbulo,noctámbulo,R
pyhareguatáva,sonámbulo,sonámbulo,R
pyharepegua,nocturno,nocturno,R
pyhyha,prensil,prensil,R
pyhypyre,recibido,recibido,R
pyhýva,prensil,prensil,R
pykatu,ancho,ancho,R
pyka'i,angosto,angosto,R
pyka'i,estrecho,estrecho,R
pyko'ẽ,cóncavo,cóncavo,R
pyko'ẽ,hondo,hondo,R
pynandi,descalzo,descalzo,R
pypegua,interno,interno,R
pypo,convexo,convexo,R
pypuku,hondo,hondo,R
pypuku,profundo,profundo,R
pyrusu,ancho,ancho,R
pyrusu,amplio,amplio,R
pyrusu,espacioso,espacioso,R
pyrusu,vasto,vasto,R
pyryrỹi,agil,agil,R
pyso,extendido,extendido,R
pyso,abierto,abierto,R
pysopyre,extendido,extendido,R
pysopyre,difuso,difuso,R
pysyrõmbyre,salvado,salvado,R
pytagua,extranjero,extranjero,R
pytagua,forastero,forastero,R
pytagua,gringo,gringo,R
pytaũ,morado,morado,R
pyta'i,inestable,inestable,R
pyta'i,voluble,voluble,R
pyta'ỹ,nómada,nómada,R
pyta'ỹ,tornadizo,tornadizo,R
pytã,rojo,rojo,R
pytã,colorado,colorado,R
pytã,carmín,carmín,R
pytã,bermejo,bermejo,R
pytã,púrpura,púrpura,R
pytãngy,rosa,rosa,R
pytãngy,rosado,rosado,R
pytãngy,rojizo,rojizo,R
pytãrovy,violeta,violeta,R
pytãrovy,lila,lila,R
pytũ,oscuro,oscuro,R
pytũ,tenebroso,tenebroso,R
pytũ,nebuloso,nebuloso,R
pytũhápe,oscuramente,oscuramente,R
pytũngy,semioscuro,semioscuro,R
pyvã,patituerto,patituerto,R
pyáu,ronco,ronco,R
py'aguapy,sereno,sereno,R
py'aguapy,pacífico,pacífico,R
py'aguapy,sensato,sensato,R
py'aguapy,sosegado,sosegado,R
py'aguapy'ỹ,inquieto,inquieto,R
py'aguapýva,tranquilo,tranquilo,R
py'aguapýva,plácido,plácido,R
py'aguasu,valiente,valiente,R
py'aguasu,corajudo,corajudo,R
py'aguasu,audaz,audaz,R
py'aguasu,intrépido,intrépido,R
py'ahatã,cruel,cruel,R
py'ahatã,severo,severo,R
py'ahatã,rudo,rudo,R
py'aheta,vacilante,vacilante,R
py'ahetáva,inconstante,inconstante,R
py'ahetáva,voluble,voluble,R
py'ahetáva,versátil,versátil,R
py'ajoyvýva,traidor,traidor,R
py'aju,miedoso,miedoso,R
py'aju,temeroso,temeroso,R
py'aju,cobarde,cobarde,R
py'akangy,lánguido,lánguido,R
py'amandyju,miedoso,miedoso,R
py'amirĩ,miedoso,miedoso,R
py'amirĩ,temeroso,temeroso,R
py'amirĩ,cobarde,cobarde,R
py'angata,preocupado,preocupado,R
py'angata,perturbado,perturbado,R
py'angekói,melancólico,melancólico,R
py'apotĩ,inocente,inocente,R
py'arerahaha,seductor,seductor,R
py'aro,amargado,amargado,R
py'aro,rencoroso,rencoroso,R
py'aro,perverso,perverso,R
py'atarova,desesperado,desesperado,R
py'atarova,frenético,frenético,R
py'avai,disgustado,disgustado,R
py'i,angosto,angosto,R
pénde,vuestro,vuestro,R
pýra,crudo,crudo,R
pẽngue,roto,roto,R
pẽngue,destrozado,destrozado,R
pẽngue,quebrado,quebrado,R
rairõ'ỹ,inofensivo,inofensivo,R
ramogua,reciente,reciente,R
rari,arisco,arisco,R
rari,ágil,ágil,R
rari,vivaracho,vivaracho,R
rari,esquivo,esquivo,R
rari,fogoso,fogoso,R
rari,ligero,ligero,R
rari,flexible,flexible,R
rari,receloso,receloso,R
raẽ,previo,previo,R
raẽgua,previo,previo,R
ra'y,pequeño,pequeño,R
ra'y,almácigo,almácigo,R
ra'y,cachorro,cachorro,R
rei,inútil,inútil,R
rei,vacante,vacante,R
rei,baladí,baladí,R
rei,trivial,trivial,R
rei,cualquier,cualquier,R
rerovaha,contagioso,contagioso,R
reruha,portador,portador,R
rerupyre,traído,traído,R
rerupyre,importado,importado,R
riregua,posterior,posterior,R
riregua,ulterior,ulterior,R
riregua,subsiguiente,subsiguiente,R
ro,amargo,amargo,R
roviru,semiseco,semiseco,R
ro'y,fria,fria,R
ro'y,frígido,frígido,R
ruru,hinchado,hinchado,R
ruru,tumefacto,tumefacto,R
ruru,edematoso,edematoso,R
rusu,grande,grande,R
rusu,crecido,crecido,R
rẽ,maloliente,maloliente,R
rẽ,hediondo,hediondo,R
sagua'a,arisco,arisco,R
sagua'a,indómito,indómito,R
sagua'a,salvaje,salvaje,R
sagua'a,tosco,tosco,R
sagua'a,esquivo,esquivo,R
sagua'a,chabacano,chabacano,R
sagua'a,montaraz,montaraz,R
sagua'a,redomón,redomón,R
sagua'a,descomedido,descomedido,R
sagua'a,huraño,huraño,R
sagua'a,rústico,rústico,R
saingo,colgante,colgante,R
saingo,colgado,colgado,R
saite,arisco,arisco,R
saite,indomable,indomable,R
saite,esquivo,esquivo,R
saite,silvestre,silvestre,R
saite,vivaracho,vivaracho,R
saite'opyre,domesticado,domesticado,R
sake,tenue,tenue,R
sake,pálido,pálido,R
sake,aguado,aguado,R
sake,apagado,apagado,R
sakã,transparente,transparente,R
sakã,límpido,límpido,R
sakã,tenue,tenue,R
sakã,claro,claro,R
sambo,agil,agil,R
sambo,elástico,elástico,R
sambo,gimnasta,gimnasta,R
sangy,llorón,llorón,R
santoro,desagradable,desagradable,R
santoro,antipático,antipático,R
santoro,intratable,intratable,R
sapy'a,inesperado,inesperado,R
sapy'agua,transitorio,transitorio,R
sapy'agua,fugaz,fugaz,R
sapy'aitegua,instantáneo,instantáneo,R
sapy'apy'a,recurrente,recurrente,R
sapy'apy'a,intermitente,intermitente,R
sapy'apy'a,discontinuo,discontinuo,R
sapy'arã,momentáneo,momentáneo,R
sapy'áva,fortuito,fortuito,R
saraki,juguetón,juguetón,R
saraki,travieso,travieso,R
saraki,vivaracho,vivaracho,R
saraki,ligero,ligero,R
saraki,saltarín,saltarín,R
sarambi,esparcido,esparcido,R
sarambi,desparramado,desparramado,R
sarambi,desordenado,desordenado,R
sarigue,arisco,arisco,R
sarigue,indomable,indomable,R
sarigue'opyre,domesticado,domesticado,R
satĩ,claro,claro,R
satĩ,transparente,transparente,R
satĩ,puro,puro,R
savi,tuerto,tuerto,R
savi,bizco,bizco,R
sayku,legañoso,legañoso,R
sa'i,chico,chico,R
sa'i,pequeño,pequeño,R
sa'i,menudo,menudo,R
sa'i,fino,fino,R
sa'i,insignificante,insignificante,R
sa'i,pocos,pocos,R
sa'yju,amarillo,amarillo,R
sa'yju,pálido,pálido,R
sa'yju,descolorido,descolorido,R
sa'yju,macilento,macilento,R
sa'yju,lívido,lívido,R
sa'yjuvy,amarillento,amarillento,R
so,suelto,suelto,R
sogue,cortado,cortado,R
sope,ratero,ratero,R
sope,ladrón,ladrón,R
soro,roto,roto,R
soro,desgarrado,desgarrado,R
soro,quebrado,quebrado,R
soro,rasgado,rasgado,R
soro,estropeado,estropeado,R
soso,abatido,abatido,R
soso,oprimido,oprimido,R
soso,fatigado,fatigado,R
soso,cansado,cansado,R
suguy,indirecto,indirecto,R
suguy,escondido,escondido,R
suguy,reservado,reservado,R
syvy,oculto,oculto,R
syvy,clandestino,clandestino,R
sãmbyky,obligado,obligado,R
sãmbyky,coartado,coartado,R
sãmbyky,restringido,restringido,R
sãso,libre,libre,R
sãso,suelto,suelto,R
sãso,,,R
sã'ỹ,libre,libre,R
sỹi,resbaladizo,resbaladizo,R
sỹi,escurridizo,escurridizo,R
sỹi,liso,liso,R
sỹi,suave,suave,R
sỹi,plano,plano,R
sỹi,pulido,pulido,R
sỹi,terso,terso,R
tajasu,sucio,sucio,R
tajasu,puerco,puerco,R
tajasu,cochino,cochino,R
tajasu,inmoral,inmoral,R
tajasu,inmundo,inmundo,R
tajasu,deshonesto,deshonesto,R
tambo,paciente,paciente,R
tapiagua,frecuente,frecuente,R
tapiagua,habitual,habitual,R
tapiagua,permanente,permanente,R
tapiagua,ordinario,ordinario,R
tapiagua,común,común,R
tapiagua'ỹ,extraordinario,extraordinario,R
tapiagua'ỹ,singular,singular,R
tapiagua'ỹ,raro,raro,R
tapiagua'ỹ,eventual,eventual,R
tarova,loco,loco,R
tarova,demente,demente,R
tarova,desequilibrado,desequilibrado,R
tarova,alocado,alocado,R
tarova,chiflado,chiflado,R
tarova,insensato,insensato,R
tarova,idiota,idiota,R
taryrýi,mezquino,mezquino,R
taryrýi,codicioso,codicioso,R
taryrýi,ambicioso,ambicioso,R
tavagua,ciudadano,ciudadano,R
tavagua,urbano,urbano,R
tavy,ignorante,ignorante,R
tavy,inculto,inculto,R
tavy,bobo,bobo,R
tavy,sonso,sonso,R
tavy,necio,necio,R
tavy,tonto,tonto,R
tavy,loco,loco,R
tavy,torpe,torpe,R
tavy,tosco,tosco,R
tavyrai,idiota,idiota,R
tavyrai,tonto,tonto,R
tavyrai,imbécil,imbécil,R
tavyrai,sonso,sonso,R
tavyrai,bobo,bobo,R
tavyrai,necio,necio,R
tavyrai,tilingo,tilingo,R
tavyrõ,tarambana,tarambana,R
tee,propio,propio,R
tee,real,real,R
tee,verdadero,verdadero,R
tee,personal,personal,R
tee,legítimo,legítimo,R
tie'ỹ,grosero,grosero,R
tie'ỹ,indecente,indecente,R
tie'ỹ,picaresco,picaresco,R
tie'ỹ,desvergonzado,desvergonzado,R
tie'ỹ,desfachatado,desfachatado,R
tie'ỹ,maleducado,maleducado,R
tie'ỹ,sinvergüenza,sinvergüenza,R
tie'ỹ,obsceno,obsceno,R
tie'ỹ,travieso,travieso,R
tie'ỹ,zafado,zafado,R
tie'ỹ,escandaloso,escandaloso,R
tie'ỹ,deshonesto,deshonesto,R
tindy,cabizbajo,cabizbajo,R
tindy,abatido,abatido,R
tindy,desalentado,desalentado,R
tindy,desanimado,desanimado,R
tindy,descorazonado,descorazonado,R
tindy,humilde,humilde,R
tindy,avergonzado,avergonzado,R
tiri,agrietado,agrietado,R
tiri,hendido,hendido,R
tiri,rajado,rajado,R
tuicha,grande,grande,R
tuicha,vasto,vasto,R
tuichaite,voluminoso,voluminoso,R
tuichaiteve,máximo,máximo,R
tuichave,mayor,mayor,R
tuichave,superior,superior,R
tuja,viejo,viejo,R
tuja,anciano,anciano,R
tuja,antiguo,antiguo,R
tuja,senil,senil,R
tujakue,vetusto,vetusto,R
tuju,pantanoso,pantanoso,R
tuju,podrido,podrido,R
tuju,corrupto,corrupto,R
tujupyre,podrido,podrido,R
tujupyre,putrefacto,putrefacto,R
tukumbo,severo,severo,R
tukumbo,riguroso,riguroso,R
tukumbo,duro,duro,R
tumi,impalpable,impalpable,R
tumipyre,molido,molido,R
tupe,humilde,humilde,R
tupe,bajo,bajo,R
tyai,turbio,turbio,R
tyai,impuro,impuro,R
tyarõ,maduro,maduro,R
tyarõ,sazonado,sazonado,R
tyarõ,adulto,adulto,R
tyre'ỹ,huérfano,huérfano,R
tyre'ỹ,guacho,guacho,R
tái,picante,picante,R
tĩgua,nasal,nasal,R
tĩgua'a,apolillado,apolillado,R
tĩpa'ã,resfriado,resfriado,R
tĩsyry,resfriado,resfriado,R
tĩsyry,mocoso,mocoso,R
tĩ'atã,altanero,altanero,R
tĩ'atã,engreído,engreído,R
tĩ'atã,soberbio,soberbio,R
tĩ'atã,desfachatado,desfachatado,R
umi,esos,esos,R
umi,aquéllos,aquéllos,R
umichagua,tales,tales,R
upe,ese,ese,R
upe,aquél,aquél,R
upeichagua,así,así,R
upeigua,futuro,futuro,R
uperiregua,posterior,posterior,R
uperiregua,siguiente,siguiente,R
uperiregua,sucesivo,sucesivo,R
vai,feo,feo,R
vai,nocivo,nocivo,R
vai,perjudicial,perjudicial,R
vai,ordinario,ordinario,R
vaikue,deshecho,deshecho,R
vaive,peor,peor,R
va'ỹva,inflexible,inflexible,R
va'ỹva,inalterable,inalterable,R
vera,brilloso,brilloso,R
vera,brillante,brillante,R
vera,reluciente,reluciente,R
vera,resplandeciente,resplandeciente,R
vera,radiante,radiante,R
vera,lustroso,lustroso,R
vevúi,liviano,liviano,R
vevúi,ligero,ligero,R
vevúi,leve,leve,R
vevúi,suave,suave,R
vevúi,sutil,sutil,R
vevúi,ágil,ágil,R
vevúi,fofo,fofo,R
vevúi,esponjoso,esponjoso,R
vevúi,poroso,poroso,R
virugua,pecuniario,pecuniario,R
virureroha,lucrativo,lucrativo,R
virureroha,ganancioso,ganancioso,R
virãi,pelado,pelado,R
virãi,rojizo,rojizo,R
vuku,largo,largo,R
vyvy,cosido,cosido,R
vy'a'ỹva,infeliz,infeliz,R
vy'a'ỹva,desdichado,desdichado,R
vy'a'ỹva,descontento,descontento,R
váiro,inaceptable,inaceptable,R
váiro,despreciable,despreciable,R
váiro,feo,feo,R
vã,inclinado,inclinado,R
ygue,lánguido,lánguido,R
ygue,flojo,flojo,R
ygue,decaído,decaído,R
yguy,sumergido,sumergido,R
ykegua,lateral,lateral,R
ykegua,lindante,lindante,R
ykeregua,contiguo,contiguo,R
ykeregua,limítrofe,limítrofe,R
yketeĩ,unilateral,unilateral,R
yke'ã,ladeado,ladeado,R
yma,pasado,pasado,R
yma,antiguo,antiguo,R
ymaguare,antiguo,antiguo,R
ymaguare,viejo,viejo,R
ymaguare,legendario,legendario,R
ymaguare,anacrónico,anacrónico,R
ypajereta,lagunoso,lagunoso,R
ypegua,acuático,acuático,R
ypi,enjuto,enjuto,R
ypi,seco,seco,R
ypi,flaco,flaco,R
ypi,deshidratado,deshidratado,R
ypi,mustio,mustio,R
ypy,inicial,inicial,R
ypy,primero,primero,R
ypykue,original,original,R
ypykue,primitivo,primitivo,R
ypypegua,inicial,inicial,R
ypypegua,original,original,R
ypytũ,oscuro,oscuro,R
ypytũ,tupido,tupido,R
ypytũ,espeso,espeso,R
ytarã,natatorio,natatorio,R
yvagapegua,celeste,celeste,R
yvagapegua,celestial,celestial,R
yvate,alto,alto,R
yvate,elevado,elevado,R
yvateve,superior,superior,R
yvatevogua,norteño,norteño,R
yvi,derecho,derecho,R
yvi,recto,recto,R
yvuku,alto,alto,R
yvyguy,enterrado,enterrado,R
yvyguy,subterráneo,subterráneo,R
yvypegua,terreno,terreno,R
yvypegua,terrestre,terrestre,R
yvypegua,terrenal,terrenal,R
yvýi,bajo,bajo,R
y'uhéi,sediento,sediento,R
ã,estos,estos,R
ã,estas,estas,R
ãgagua,moderno,moderno,R
ãgagua,actual,actual,R
ãgagua,vigente,vigente,R
ãgagua,contemporáneo,contemporáneo,R
ãgagua,presente,presente,R
ñaimo'ã'ỹ,impensado,impensado,R
ñaimo'ã'ỹva,casual,casual,R
ñakãguapy,tranquilo,tranquilo,R
ñakãguapy,recatado,recatado,R
ñakãkarãiva,peinado,peinado,R
ñambohasakuaáva,llevadero,llevadero,R
ñande'ỹva,extranjero,extranjero,R
ñande'ỹva,forastero,forastero,R
ñande'ỹva,gringo,gringo,R
ñandu'ỹ,impasible,impasible,R
ñandu'ỹ,insensible,insensible,R
ñandy,grasiento,grasiento,R
ñandy,grasoso,grasoso,R
ñandéva,paisano,paisano,R
ñandéva,indígena,indígena,R
ñandýva,grasiento,grasiento,R
ñandýva,grasoso,grasoso,R
ñapañuãi,enredado,enredado,R
ñapytĩmbyre,amarrado,amarrado,R
ñapytĩmbyre,atado,atado,R
ñarõ,bravo,bravo,R
ñarõ,peleador,peleador,R
ñarõ,enojado,enojado,R
ñarõ,feroz,feroz,R
ñaña,malo,malo,R
ñaña,malvado,malvado,R
ñaña,maligno,maligno,R
ñaña,malévolo,malévolo,R
ñaña,perverso,perverso,R
ñañaséva,malintencionado,malintencionado,R
ña'yña,deshilado,deshilado,R
ña'yña,deshilachado,deshilachado,R
ñeha'arõ'ỹ,imprevisto,imprevisto,R
ñehendu'ỹva,inaudito,inaudito,R
ñeikotevẽva,necesario,necesario,R
ñeimo'ãpyre,imaginado,imaginado,R
ñeimo'ãpyre,pensado,pensado,R
ñeimo'ãva,imaginario,imaginario,R
ñeimo'ãva,meditabundo,meditabundo,R
ñeimo'ãva,parecido,parecido,R
ñeimo'ãva,semejante,semejante,R
ñeimo'ã'ỹ,imprevisto,imprevisto,R
ñeimo'ã'ỹ,casual,casual,R
ñeimo'ã'ỹva,sorprendente,sorprendente,R
ñeimo'ã'ỹva,impensado,impensado,R
ñekumby'ỹva,ininteligible,ininteligible,R
ñembohekóva,altanero,altanero,R
ñemboitapyre,empedrado,empedrado,R
ñemboja'o,dividido,dividido,R
ñembojevy,rechazado,rechazado,R
ñembopyahu,actualizado,actualizado,R
ñembopyahu,remozado,remozado,R
ñemboro'ysã,enfriado,enfriado,R
ñembotuja,avejentado,avejentado,R
ñembotuja,añejado,añejado,R
ñemboty,cerrado,cerrado,R
ñemboty,tapado,tapado,R
ñemboty,trancado,trancado,R
ñembotyai,perturbado,perturbado,R
ñembotyai,descompuesto,descompuesto,R
ñembou,enviado,enviado,R
ñemboyke,apartado,apartado,R
ñembo'ýva,parado,parado,R
ñembyahýi,hambriento,hambriento,R
ñembyaipyre,putrefacto,putrefacto,R
ñembyaipyre,viciado,viciado,R
ñembyai'ỹva,inalterable,inalterable,R
ñembyai'ỹva,incorrompible,incorrompible,R
ñembyasy,triste,triste,R
ñembyasy,apesadumbrado,apesadumbrado,R
ñemi,escondido,escondido,R
ñemi,oculto,oculto,R
ñemihapegua,confidencial,confidencial,R
ñemihapegua,clandestino,clandestino,R
ñemimby,escondido,escondido,R
ñemoakỹ,regado,regado,R
ñemohendapyre,radicado,radicado,R
ñemohendapyre,instalado,instalado,R
ñemoingepyre,incluido,incluido,R
ñemomba'eguasúva,respetado,respetado,R
ñemomba'eguasúva,venerado,venerado,R
ñemomichĩva,menguante,menguante,R
ñemomorãmby,loado,loado,R
ñemomorãmby,alabado,alabado,R
ñemonambi,preso,preso,R
ñemopẽ,roto,roto,R
ñemopẽ,quebrado,quebrado,R
ñemoĩmbyre,puesto,puesto,R
ñemoĩmbyre,incluido,incluido,R
ñemoĩva,opositor,opositor,R
ñemoĩva,rebelde,rebelde,R
ñemo'ãpyre,tapado,tapado,R
ñemo'ãpyre,cubierto,cubierto,R
ñemyronde,tímido,tímido,R
ñemyronde,quisquilloso,quisquilloso,R
ñemyronde,resentido,resentido,R
ñemyronde,enojadizo,enojadizo,R
ñemyronde,furioso,furioso,R
ñensuguy,ladino,ladino,R
ñensuguy,taimado,taimado,R
ñensuguy,hipócrita,hipócrita,R
ñepyrũgua,primer,primer,R
ñepyrũgua,primero,primero,R
ñepyrũgua,iniciador,iniciador,R
ñepyrũgua,novicio,novicio,R
ñepyrũmbyre,empezado,empezado,R
ñepã,deforme,deforme,R
ñepã,paralítico,paralítico,R
ñepã,contrahecho,contrahecho,R
ñepã,lisiado,lisiado,R
ñepã,defectuoso,defectuoso,R
ñetinga,varado,varado,R
ñe'ekõi,bilingüe,bilingüe,R
ñe'engu,mudo,mudo,R
ñe'engu,tartamudo,tartamudo,R
ñe'ẽmbyky,parco,parco,R
ñe'ẽmbyre,hablado,hablado,R
ñe'ẽme'ẽmbyre,prometido,prometido,R
ñe'ẽngatu,charlatán,charlatán,R
ñe'ẽngatu,locuaz,locuaz,R
ñe'ẽngatu,hablador,hablador,R
ñe'ẽngatu,chismoso,chismoso,R
ñe'ẽngatu,fanfarrón,fanfarrón,R
ñe'ẽngatu,parlanchín,parlanchín,R
ñe'ẽnguru,gruñidor,gruñidor,R
ñe'ẽrendu,obediente,obediente,R
ñe'ẽrendu,dócil,dócil,R
ñe'ẽrendu'ỹ,desobediente,desobediente,R
ñipytũ,oscuro,oscuro,R
ñipytũ,nebuloso,nebuloso,R
ño,solo,solo,R
ñokĩ,zambo,zambo,R
ñongatupy,guardado,guardado,R
ñongatupy,reservado,reservado,R
ñopẽ,trenzado,trenzado,R
ñumegua,rural,rural,R
ñumegua,campesino,campesino,R
ñumegua,llanero,llanero,R
ñuvãmbyre,protegido,protegido,R
ñuvãmbyre,velado,velado,R
ñypytũ,oscuro,oscuro,R
ñypytũ,lóbrego,lóbrego,R
ñypytũ,revesado,revesado,R
ñypytũ,tétrico,tétrico,R
ñyrõva,indulgente,indulgente,R
ñyrõ'ỹva,imperdonable,imperdonable,R
ñyrõ'ỹva,inexcusable,inexcusable,R
ñyñýi,marchito,marchito,R
ñyñýi,mustio,mustio,R
ñyñýi,menguante,menguante,R
ñáne,nuestro(s),nuestro(s),R
